orden_id,fecha,sede,categoria_servicio,monto_total,costo_servicio,horas_reparacion,nivel_satisfaccion
ORD-0001,2026-01-06,Lima Sur,Transmisión,939.6,628.63,4.8,4
ORD-0002,2026-01-06,Lima Sur,Frenos,391.13,260.87,1.8,5
ORD-0003,2026-01-12,Lima Norte,Suspensión,370.85,228.74,1.9,4
ORD-0004,2026-01-12,Lima Sur,Motor,1451.2,1144.3,8.0,5
ORD-0005,2026-01-13,Lima Norte,Mantenimiento,146.88,88.08,1.4,4
ORD-0006,2026-01-13,Lima Norte,Suspensión,581.17,313.9,2.4,5
ORD-0007,2026-01-15,Lima Sur,Transmisión,907.09,624.85,4.9,5
ORD-0008,2026-01-16,Lima Norte,Transmisión,1079.26,678.14,,4
ORD-0009,2026-01-18,Lima Sur,Mantenimiento,112.11,66.76,0.6,4
ORD-0010,2026-01-19,Lima Sur,Frenos,317.97,197.44,1.6,4
ORD-0011,2026-01-19,Lima Norte,Frenos,641.63,418.88,1.9,4
ORD-0012,2026-01-20,Lima Norte,Suspensión,482.64,327.48,4.4,3
ORD-0013,2026-01-21,Lima Sur,Motor,1170.96,897.86,7.4,4
ORD-0014,2026-01-24,Lima Centro,Suspensión,888.8,576.37,3.8,4
ORD-0015,2026-01-25,Lima Centro,Frenos,711.46,492.74,1.8,5
ORD-0016,2026-01-26,Lima Centro,Mantenimiento,141.42,80.15,1.1,4
ORD-0017,2026-01-27,Lima Centro,Motor,1389.53,909.98,7.7,4
ORD-0018,2026-01-28,Lima Sur,Mantenimiento,217.08,126.27,1.5,4
ORD-0019,2026-01-30,Lima Centro,Suspensión,874.73,598.59,3.6,4
ORD-0020,2026-01-31,Lima Norte,Motor,1203.94,834.05,6.7,4
ORD-0021,2026-01-31,Lima Centro,Transmisión,1046.04,748.37,5.3,3
ORD-0022,2026-02-01,Lima Sur,Frenos,519.96,313.65,2.6,4
ORD-0023,2026-02-01,Lima Norte,Suspensión,706.52,538.06,3.8,5
ORD-0024,2026-02-01,Lima Centro,Suspensión,601.1,412.82,3.8,4
ORD-0025,2026-02-02,Lima Sur,Transmisión,1070.56,855.96,3.2,3
ORD-0026,2026-02-02,Lima Centro,Mantenimiento,131.26,88.56,,5
ORD-0027,2026-02-02,Lima Norte,Frenos,428.56,249.34,3.1,5
ORD-0028,2026-02-02,Lima Norte,Mantenimiento,186.68,103.65,2.0,3
ORD-0029,2026-02-05,Lima Centro,Mantenimiento,211.61,134.58,1.1,5
ORD-0030,2026-02-05,Lima Centro,Motor,1333.4,1080.26,4.2,5
ORD-0031,2026-02-05,Lima Sur,Transmisión,1203.74,1021.04,5.1,4
ORD-0032,2026-02-06,Lima Centro,Suspensión,781.65,544.95,3.9,5
ORD-0033,2026-02-08,Lima Sur,Frenos,463.99,245.44,3.6,3
ORD-0034,2026-02-08,Lima Norte,Frenos,481.66,302.6,2.8,5
ORD-0035,2026-02-08,Lima Centro,Frenos,454.78,308.33,2.3,4
ORD-0036,2026-02-10,Lima Norte,Mantenimiento,200.0,115.35,1.1,4
ORD-0037,2026-02-12,Lima Centro,Mantenimiento,163.92,111.15,1.5,5
ORD-0038,2026-02-14,Lima Norte,Frenos,478.48,318.13,2.3,5
ORD-0039,2026-02-14,Lima Centro,Mantenimiento,195.14,116.11,1.1,5
ORD-0040,2026-02-17,Lima Centro,Motor,2127.95,1543.12,10.1,5
ORD-0041,2026-02-18,Lima Norte,Frenos,591.6,361.15,3.6,4
ORD-0042,2026-02-19,Lima Norte,Suspensión,700.16,457.04,4.1,4
ORD-0043,2026-02-21,Lima Centro,Transmisión,932.13,621.34,4.0,5
ORD-0044,2026-02-22,Lima Sur,Frenos,349.88,239.47,24.0,4
ORD-0045,2026-02-22,Lima Norte,Suspensión,804.85,503.12,3.7,4
ORD-0046,2026-02-24,Lima Centro,Transmisión,1157.8,716.16,5.5,5
ORD-0047,2026-02-26,Lima Norte,Frenos,493.21,344.51,3.2,4
ORD-0048,2026-02-26,Lima Sur,Mantenimiento,112.77,72.67,1.8,4
ORD-0049,2026-02-27,Lima Centro,Motor,1778.23,1137.81,8.1,4
ORD-0050,2026-02-28,Lima Sur,Mantenimiento,222.72,135.76,1.8,5
ORD-0051,2026-03-01,Lima Norte,Mantenimiento,144.48,76.55,1.6,4
ORD-0052,2026-03-01,Lima Norte,Mantenimiento,176.42,109.76,0.8,5
ORD-0053,2026-03-02,Lima Centro,Transmisión,1158.02,726.36,5.1,5
ORD-0054,2026-03-03,Lima Centro,Motor,1515.74,1079.37,6.2,4
ORD-0055,2026-03-03,Lima Sur,Transmisión,1035.72,711.63,3.6,5
ORD-0056,2026-03-04,Lima Sur,Transmisión,1077.23,669.78,6.8,4
ORD-0057,2026-03-04,Lima Sur,Frenos,427.32,285.49,3.5,3
ORD-0058,2026-03-04,Lima Centro,Motor,1545.77,1200.24,9.0,5
ORD-0059,2026-03-10,Lima Centro,Mantenimiento,273.57,170.28,1.6,4
ORD-0060,2026-03-10,Lima Centro,Mantenimiento,71.67,41.38,2.0,3
ORD-0061,2026-03-11,Lima Norte,Motor,1428.94,1163.08,7.0,3
ORD-0062,2026-03-12,Lima Centro,Frenos,465.89,287.98,2.6,4
ORD-0063,2026-03-15,Lima Centro,Motor,1588.8,1195.29,5.4,4
ORD-0064,2026-03-17,Lima Norte,Transmisión,1018.18,654.29,5.4,4
ORD-0065,2026-03-18,Lima Norte,Motor,972.98,840.32,7.1,4
ORD-0066,2026-03-19,Lima Centro,Motor,1598.4,1226.28,5.0,5
ORD-0067,2026-03-24,Lima Centro,Motor,2018.21,1657.33,6.9,4
ORD-0068,2026-03-24,Lima Sur,Frenos,311.95,215.66,2.5,5
ORD-0069,2026-03-27,Lima Centro,Mantenimiento,243.19,142.9,2.2,5
ORD-0070,2026-03-28,Lima Sur,Frenos,420.43,277.05,3.0,5
ORD-0071,2026-04-01,Lima Centro,Mantenimiento,196.93,120.66,1.5,3
ORD-0072,2026-04-01,Lima Norte,Frenos,355.24,233.73,2.6,4
ORD-0073,2026-04-01,Lima Norte,Suspensión,606.52,400.2,3.2,3
ORD-0074,2026-04-02,Lima Sur,Mantenimiento,265.0,172.36,1.4,4
ORD-0075,2026-04-03,Lima Centro,Mantenimiento,229.13,129.38,1.1,4
ORD-0076,2026-04-03,Lima Norte,Mantenimiento,286.62,162.47,1.4,5
ORD-0077,2026-04-04,Lima Centro,Mantenimiento,258.87,150.34,1.2,5
ORD-0078,2026-04-05,Lima Sur,Motor,1631.73,1120.36,5.1,4
ORD-0079,2026-04-06,Lima Centro,Motor,2023.18,1420.71,7.8,4
ORD-0080,2026-04-07,Lima Norte,Transmisión,1196.58,715.85,5.4,4
ORD-0081,2026-04-07,Lima Norte,Motor,1748.4,1267.98,4.3,4
ORD-0082,2026-04-08,Lima Sur,Frenos,423.31,281.65,2.4,4
ORD-0083,2026-04-09,Lima Sur,Transmisión,1114.64,822.24,6.1,5
ORD-0084,2026-04-11,Lima Sur,Mantenimiento,165.13,107.6,1.9,4
ORD-0085,2026-04-11,Lima Sur,Mantenimiento,249.48,165.21,1.9,5
ORD-0086,2026-04-12,Lima Norte,Mantenimiento,141.08,90.92,1.5,5
ORD-0087,2026-04-14,Lima Norte,Transmisión,1272.12,894.98,4.1,4
ORD-0088,2026-04-14,Lima Norte,Frenos,432.84,274.11,1.8,5
ORD-0089,2026-04-15,Lima Norte,Mantenimiento,258.56,154.48,1.6,5
ORD-0090,2026-04-16,Lima Sur,Frenos,517.58,356.24,2.7,4
ORD-0091,2026-04-17,Lima Sur,Mantenimiento,291.03,161.52,2.0,4
ORD-0092,2026-04-17,Lima Norte,Motor,1719.23,1161.57,8.6,3
ORD-0093,2026-04-17,Lima Sur,Frenos,308.52,203.0,2.4,4
ORD-0094,2026-04-18,Lima Centro,Frenos,443.97,303.08,1.8,5
ORD-0095,2026-04-20,Lima Norte,Frenos,344.52,214.49,2.3,4
ORD-0096,2026-04-20,Lima Sur,Motor,1344.52,952.89,7.3,4
ORD-0097,2026-04-20,Lima Sur,Frenos,586.01,423.34,2.4,3
ORD-0098,2026-04-20,Lima Centro,Mantenimiento,231.88,139.91,1.3,4
ORD-0099,2026-04-22,Lima Sur,Mantenimiento,165.05,96.87,1.6,4
ORD-0100,2026-04-23,Lima Centro,Suspensión,518.22,370.52,2.8,5
ORD-0101,2026-04-24,Lima Sur,Suspensión,654.26,432.14,2.7,3
ORD-0102,2026-04-25,Lima Centro,Motor,1135.03,916.3,7.5,5
ORD-0103,2026-04-26,Lima Sur,Mantenimiento,166.44,88.75,1.3,4
ORD-0104,2026-04-27,Lima Norte,Suspensión,690.56,419.59,3.4,5
ORD-0105,2026-04-28,Lima Norte,Transmisión,1354.17,965.02,5.3,4
ORD-0106,2026-04-29,Lima Sur,Transmisión,1233.93,841.33,3.7,5
ORD-0107,2026-04-29,Lima Norte,Frenos,243.78,187.83,2.2,4
ORD-0108,2026-05-01,Lima Norte,Mantenimiento,215.22,141.57,2.1,5
ORD-0109,2026-05-02,Lima Sur,Mantenimiento,203.6,125.15,1.0,4
ORD-0110,2026-05-03,Lima Norte,Suspensión,703.81,509.28,1.5,5
ORD-0111,2026-05-04,Lima Centro,Frenos,595.46,365.78,1.4,4
ORD-0112,2026-05-06,Lima Norte,Mantenimiento,96.84,48.43,1.5,4
ORD-0113,2026-05-07,Lima Norte,Frenos,396.8,281.26,2.5,4
ORD-0114,2026-05-09,Lima Sur,Motor,1677.27,1291.91,6.8,4
ORD-0115,2026-05-09,Lima Norte,Mantenimiento,120.92,71.13,2.0,5
ORD-0116,2026-05-10,Lima Norte,Suspensión,841.87,496.24,1.1,4
ORD-0117,2026-05-10,Lima Sur,Transmisión,1181.04,898.91,5.4,4
ORD-0118,2026-05-11,Lima Sur,Transmisión,1286.25,884.36,,3
ORD-0119,2026-05-11,Lima Norte,Frenos,398.62,222.8,1.8,4
ORD-0120,2026-05-13,Lima Sur,Motor,1744.13,1428.63,6.4,3
ORD-0121,2026-05-15,Lima Centro,Motor,1820.54,1450.72,5.9,3
ORD-0122,2026-05-18,Lima Sur,Motor,1569.86,1170.2,5.7,
ORD-0123,2026-05-19,Lima Norte,Mantenimiento,211.72,132.54,1.4,5
ORD-0124,2026-05-19,Lima Sur,Frenos,474.33,289.04,,5
ORD-0125,2026-05-19,Lima Centro,Mantenimiento,156.83,92.2,2.2,4
ORD-0126,2026-05-20,Lima Sur,Frenos,436.72,322.63,2.3,
ORD-0127,2026-05-21,Lima Centro,Frenos,436.27,272.33,3.6,4
ORD-0128,2026-05-25,Lima Sur,Mantenimiento,219.17,137.83,1.5,4
ORD-0129,2026-05-26,Lima Centro,Mantenimiento,249.99,134.06,2.2,5
ORD-0130,2026-05-27,Lima Norte,Motor,1182.44,895.88,6.9,4
ORD-0131,2026-05-27,Lima Sur,Mantenimiento,193.75,122.42,1.6,4
ORD-0132,2026-05-28,Lima Sur,Suspensión,842.59,541.74,3.5,4
ORD-0133,2026-05-28,Lima Norte,Motor,1276.92,860.93,11.8,3
ORD-0134,2026-05-28,Lima Centro,Frenos,376.0,235.97,3.0,3
ORD-0135,2026-05-29,Lima Centro,Motor,1560.69,1281.54,5.9,4
ORD-0136,2026-06-03,Lima Centro,Mantenimiento,242.22,138.82,1.9,4
ORD-0137,2026-06-05,Lima Sur,Suspensión,651.49,470.19,2.9,4
ORD-0138,2026-06-05,Lima Sur,Frenos,569.61,363.54,2.2,4
ORD-0139,2026-06-06,Lima Norte,Transmisión,1288.49,993.67,,5
ORD-0140,2026-06-06,Lima Sur,Mantenimiento,242.09,139.85,1.5,5
ORD-0141,2026-06-07,Lima Centro,Frenos,499.87,345.08,2.7,4
ORD-0142,2026-06-07,Lima Sur,Frenos,659.49,470.96,2.5,5
ORD-0143,2026-06-09,Lima Sur,Suspensión,623.33,395.38,3.5,5
ORD-0144,2026-06-09,Lima Centro,Motor,898.94,634.21,7.6,4
ORD-0145,2026-06-10,Lima Centro,Frenos,594.38,404.6,1.3,5
ORD-0146,2026-06-10,Lima Centro,Mantenimiento,177.12,93.42,1.8,5
ORD-0147,2026-06-11,Lima Sur,Frenos,459.71,308.94,1.9,5
ORD-0148,2026-06-12,Lima Centro,Frenos,567.86,368.2,1.6,5
ORD-0149,2026-06-13,Lima Norte,Frenos,305.8,194.66,2.5,5
ORD-0150,2026-06-14,Lima Centro,Mantenimiento,137.42,86.71,1.5,5
ORD-0151,2026-06-15,Lima Norte,Suspensión,441.83,285.62,2.6,4
ORD-0152,2026-06-17,Lima Centro,Suspensión,546.76,380.91,3.9,5
ORD-0153,2026-06-18,Lima Norte,Mantenimiento,221.98,137.76,1.0,3
ORD-0154,2026-06-20,Lima Norte,Motor,1657.26,1057.73,6.4,3
ORD-0155,2026-06-21,Lima Sur,Mantenimiento,213.81,139.41,1.3,5
ORD-0156,2026-06-24,Lima Norte,Motor,1076.17,930.64,6.9,5
ORD-0157,2026-06-26,Lima Centro,Mantenimiento,84.49,43.89,1.6,5
ORD-0158,2026-06-29,Lima Sur,Motor,1516.31,859.81,5.5,4
ORD-0159,2026-06-30,Lima Sur,Transmisión,996.21,717.53,5.8,3
ORD-0160,2026-07-01,Lima Centro,Transmisión,1201.06,957.06,5.1,4
ORD-0161,2026-07-01,Lima Norte,Mantenimiento,235.1,144.71,0.7,5
ORD-0162,2026-07-04,Lima Sur,Suspensión,667.97,457.1,1.6,4
ORD-0163,2026-07-04,Lima Sur,Mantenimiento,238.01,145.06,1.5,5
ORD-0164,2026-07-05,Lima Centro,Mantenimiento,211.46,138.65,1.4,
ORD-0165,2026-07-07,Lima Norte,Motor,1659.02,1136.8,6.8,4
ORD-0166,2026-07-07,Lima Norte,Frenos,386.58,241.14,2.5,4
ORD-0167,2026-07-10,Lima Norte,Suspensión,626.65,466.68,3.4,5
ORD-0168,2026-07-12,Lima Norte,Transmisión,1143.29,760.33,6.0,4
ORD-0169,2026-07-19,Lima Sur,Frenos,523.85,286.74,1.8,4
ORD-0170,2026-07-20,Lima Norte,Suspensión,598.81,396.06,2.3,4
ORD-0171,2026-07-21,Lima Norte,Mantenimiento,226.06,139.45,1.1,4
ORD-0172,2026-07-24,Lima Sur,Frenos,426.07,279.97,2.7,4
ORD-0173,2026-07-27,Lima Sur,Mantenimiento,194.12,110.5,2.0,5
ORD-0174,2026-07-27,Lima Norte,Suspensión,757.84,573.33,2.9,4
ORD-0175,2026-07-27,Lima Centro,Mantenimiento,100.35,59.38,0.5,4
ORD-0176,2026-07-28,Lima Centro,Mantenimiento,135.18,83.74,0.8,3
ORD-0177,2026-08-01,Lima Centro,Frenos,316.6,176.54,2.0,
ORD-0178,2026-08-02,Lima Sur,Suspensión,346.63,235.26,2.8,4
ORD-0179,2026-08-03,Lima Sur,Suspensión,561.83,329.57,2.9,4
ORD-0180,2026-08-05,Lima Sur,Transmisión,1264.88,955.22,5.0,5
ORD-0181,2026-08-06,Lima Norte,Suspensión,612.97,392.69,3.0,4
ORD-0182,2026-08-07,Lima Norte,Suspensión,675.71,441.94,4.0,5
ORD-0183,2026-08-08,Lima Centro,Frenos,548.03,380.03,2.1,4
ORD-0184,2026-08-09,Lima Norte,Frenos,569.49,365.12,2.0,4
ORD-0185,2026-08-09,Lima Centro,Transmisión,1084.79,693.59,5.5,4
ORD-0186,2026-08-09,Lima Norte,Motor,1906.08,1409.4,4.7,4
ORD-0187,2026-08-09,Lima Sur,Frenos,458.29,336.66,2.7,5
ORD-0188,2026-08-10,Lima Norte,Mantenimiento,158.13,95.02,1.5,3
ORD-0189,2026-08-10,Lima Norte,Transmisión,969.23,722.2,4.8,3
ORD-0190,2026-08-11,Lima Norte,Mantenimiento,125.97,77.74,2.1,4
ORD-0191,2026-08-14,Lima Norte,Suspensión,534.54,360.32,2.7,4
ORD-0192,2026-08-16,Lima Centro,Mantenimiento,182.1,124.79,2.3,
ORD-0193,2026-08-21,Lima Centro,Mantenimiento,240.18,163.51,1.4,5
ORD-0194,2026-08-22,Lima Sur,Suspensión,873.7,564.32,2.2,4
ORD-0195,2026-08-22,Lima Norte,Mantenimiento,130.89,81.96,1.5,5
ORD-0196,2026-08-23,Lima Centro,Mantenimiento,219.64,159.95,1.1,5
ORD-0197,2026-08-23,Lima Centro,Motor,1187.84,799.31,5.9,4
ORD-0198,2026-08-24,Lima Centro,Suspensión,711.71,467.15,3.5,5
ORD-0199,2026-08-25,Lima Sur,Mantenimiento,193.45,122.97,1.7,5
ORD-0200,2026-08-26,Lima Norte,Frenos,285.22,204.17,2.1,4
ORD-0201,2026-08-26,Lima Centro,Transmisión,1304.23,858.45,6.1,5
ORD-0202,2026-08-30,Lima Sur,Suspensión,571.35,372.82,4.1,4
ORD-0203,2026-08-30,Lima Sur,Frenos,401.95,213.38,3.4,4
ORD-0204,2026-08-30,Lima Centro,Mantenimiento,146.51,84.83,1.7,5
ORD-0205,2026-09-01,Lima Centro,Mantenimiento,167.29,97.13,2.0,3
ORD-0206,2026-09-02,Lima Sur,Mantenimiento,221.39,134.68,0.7,3
ORD-0207,2026-09-07,Lima Centro,Mantenimiento,190.54,106.54,1.4,4
ORD-0208,2026-09-08,Lima Sur,Motor,1598.6,1091.04,5.7,4
ORD-0209,2026-09-09,Lima Norte,Mantenimiento,218.1,117.21,1.5,4
ORD-0210,2026-09-10,Lima Centro,Frenos,568.86,384.59,2.2,3
ORD-0211,2026-09-11,Lima Norte,Motor,1397.16,1042.46,6.8,3
ORD-0212,2026-09-11,Lima Norte,Motor,1056.94,791.38,9.8,3
ORD-0213,2026-09-12,Lima Centro,Mantenimiento,253.36,142.0,1.4,5
ORD-0214,2026-09-12,Lima Norte,Transmisión,1027.07,642.0,5.5,5
ORD-0215,2026-09-12,Lima Centro,Transmisión,1345.21,972.51,4.7,4
ORD-0216,2026-09-13,Lima Centro,Transmisión,1184.34,854.19,,4
ORD-0217,2026-09-13,Lima Centro,Mantenimiento,193.44,113.03,1.5,4
ORD-0218,2026-09-13,Lima Sur,Mantenimiento,217.44,133.14,1.7,3
ORD-0219,2026-09-14,Lima Sur,Suspensión,903.63,562.42,4.1,4
ORD-0220,2026-09-14,Lima Centro,Frenos,636.93,485.71,3.5,4
ORD-0221,2026-09-14,Lima Norte,Frenos,456.24,315.42,2.7,4
ORD-0222,2026-09-17,Lima Sur,Frenos,464.42,320.04,2.9,3
ORD-0223,2026-09-18,Lima Norte,Motor,1822.87,1566.25,5.3,4
ORD-0224,2026-09-20,Lima Centro,Suspensión,540.06,387.86,3.1,4
ORD-0225,2026-09-21,Lima Centro,Mantenimiento,216.65,139.91,1.9,5
ORD-0226,2026-09-21,Lima Norte,Suspensión,646.64,439.75,3.9,4
ORD-0227,2026-09-22,Lima Centro,Mantenimiento,215.7,117.41,1.6,3
ORD-0228,2026-09-22,Lima Norte,Motor,1249.99,918.37,8.3,4
ORD-0229,2026-09-23,Lima Norte,Motor,1023.13,799.93,7.7,3
ORD-0230,2026-09-23,Lima Centro,Mantenimiento,96.35,58.08,2.0,5
ORD-0231,2026-09-23,Lima Norte,Mantenimiento,144.13,78.92,1.6,4
ORD-0232,2026-09-24,Lima Sur,Frenos,408.72,285.61,2.3,3
ORD-0233,2026-09-24,Lima Norte,Suspensión,611.89,437.82,3.5,4
ORD-0234,2026-09-26,Lima Centro,Motor,2081.17,1428.7,2.6,5
ORD-0235,2026-09-26,Lima Sur,Suspensión,793.78,540.62,3.5,5
ORD-0236,2026-09-27,Lima Norte,Transmisión,888.34,593.08,1.0,4
ORD-0237,2026-09-27,Lima Sur,Frenos,481.29,313.17,1.5,5
ORD-0238,2026-09-28,Lima Sur,Transmisión,1010.44,671.86,5.5,5
ORD-0239,2026-09-29,Lima Sur,Mantenimiento,185.78,121.08,1.7,4
ORD-0240,2026-10-01,Lima Norte,Mantenimiento,209.27,125.69,1.0,5
